1,165 Cottage St,Chelsea,MA,02150
2,140 Bellingham St,Chelsea,MA,02150
3,140 Bellingham St,Chelsea,MA,02150
4,114 Grove St,Chelsea,MA,02150
5,72 Library St,Chelsea,MA,02150
6,106 Marlboro St,Chelsea,MA,02150
7,5 Admirals Way,Chelsea,MA,02150
8,150 Captains Row,Chelsea,MA,02150
9,201 Captains Row,Chelsea,MA,02150
10,201 Captains Row,Chelsea,MA,02150
11,201 Captains Row,Chelsea,MA,02150
12,201 Captains Row,Chelsea,MA,02150
13,201 Captains Row,Chelsea,MA,02150
14,201 Captains Row,Chelsea,MA,02150
15,201 Captains Row,Chelsea,MA,02150
16,201 Captains Row,Chelsea,MA,02150
17,201 Captains Row,Chelsea,MA,02150
18,201 Captains Row,Chelsea,MA,02150
19,201 Captains Row,Chelsea,MA,02150
20,201 Captains Row,Chelsea,MA,02150
21,201 Captains Row,Chelsea,MA,02150
22,201 Captains Row,Chelsea,MA,02150
23,300 Commandants Way,Chelsea,MA,02150
24,300 Commandants Way,Chelsea,MA,02150
25,10 Eldridge Pl,Chelsea,MA,02150
26,10 Eldridge Pl,Chelsea,MA,02150
27,10 Eldridge Pl,Chelsea,MA,02150
28,119 Addison St,Chelsea,MA,02150
29,131 Hawthorn St,Chelsea,MA,02150
30,131 Hawthorn St,Chelsea,MA,02150
31,91 Crest Ave,Chelsea,MA,02150
32,91 Crest Ave,Chelsea,MA,02150
33,6 Bloomingdale St,Chelsea,MA,02150
34,6 Bloomingdale St,Chelsea,MA,02150
35,20 Cary Ave,Chelsea,MA,02150
36,14 Bloomingdale St,Chelsea,MA,02150
37,260 Clark Ave,Chelsea,MA,02150
38,1016 Revere Beach Pkwy,Chelsea,MA,02150
39,1016 Revere Beach Pkwy,Chelsea,MA,02150
40,100 Stockton St,Chelsea,MA,02150
41,59 Garland St,Chelsea,MA,02150
42,91 Franklin Ave,Chelsea,MA,02150
43,17 Lafayette Ave,Chelsea,MA,02150
44,17 Lafayette Ave,Chelsea,MA,02150
45,17 Lafayette Ave,Chelsea,MA,02150
46,17 Lafayette Ave,Chelsea,MA,02150
47,17 Lafayette Ave,Chelsea,MA,02150
48,17 Lafayette Ave,Chelsea,MA,02150
49,17 Lafayette Ave,Chelsea,MA,02150
50,17 Lafayette Ave,Chelsea,MA,02150
51,17 Lafayette Ave,Chelsea,MA,02150
52,17 Lafayette Ave,Chelsea,MA,02150
53,17 Lafayette Ave,Chelsea,MA,02150
54,17 Lafayette Ave,Chelsea,MA,02150
55,9 Reynolds Ave,Chelsea,MA,02150
56,9 Reynolds Ave,Chelsea,MA,02150
57,100 Summit Ave,Chelsea,MA,02150
58,100 Summit Ave,Chelsea,MA,02150
59,100 Summit Ave,Chelsea,MA,02150
60,100 Summit Ave,Chelsea,MA,02150
61,100 Summit Ave,Chelsea,MA,02150
62,100 Summit Ave,Chelsea,MA,02150
63,100 Summit Ave,Chelsea,MA,02150
64,100 Summit Ave,Chelsea,MA,02150
65,100 Summit Ave,Chelsea,MA,02150
66,100 Summit Ave,Chelsea,MA,02150
67,100 Summit Ave,Chelsea,MA,02150
68,100 Summit Ave,Chelsea,MA,02150
69,100 Summit Ave,Chelsea,MA,02150
70,325 Washington Ave,Chelsea,MA,02150
