1,255 Central Ave,Chelsea,MA,02150
2,131 Congress Ave,Chelsea,MA,02150
3,165 Cottage St,Chelsea,MA,02150
4,250 Congress Ave,Chelsea,MA,02150
5,255 Central Ave,Chelsea,MA,02150
6,255 Central Ave,Chelsea,MA,02150
7,255 Central Ave,Chelsea,MA,02150
8,131 Congress Ave,Chelsea,MA,02150
9,250 Congress Ave,Chelsea,MA,02150
10,250 Congress Ave,Chelsea,MA,02150
11,250 Congress Ave,Chelsea,MA,02150
12,85 Maverick St,Chelsea,MA,02150
13,85 Maverick St,Chelsea,MA,02150
14,250 Congress Ave,Chelsea,MA,02150
15,250 Congress Ave,Chelsea,MA,02150
16,255 Central Ave,Chelsea,MA,02150
17,27 Shurtleff St,Chelsea,MA,02150
18,27 Shurtleff St,Chelsea,MA,02150
19,150 Maverick St,Chelsea,MA,02150
20,183 Congress Ave,Chelsea,MA,02150
21,250 Congress Ave,Chelsea,MA,02150
22,175 Cottage St,Chelsea,MA,02150
23,255 Central Ave,Chelsea,MA,02150
24,165 Cottage St,Chelsea,MA,02150
25,165 Cottage St,Chelsea,MA,02150
26,175 Cottage St,Chelsea,MA,02150
27,131 Congress Ave,Chelsea,MA,02150
28,150 Maverick St,Chelsea,MA,02150
29,52 Highland St,Chelsea,MA,02150
30,52 Highland St,Chelsea,MA,02150
31,250 Congress Ave,Chelsea,MA,02150
32,250 Congress Ave,Chelsea,MA,02150
33,250 Congress Ave,Chelsea,MA,02150
34,250 Congress Ave,Chelsea,MA,02150
35,255 Central Ave,Chelsea,MA,02150
36,165 Cottage St,Chelsea,MA,02150
37,255 Central Ave,Chelsea,MA,02150
38,255 Central Ave,Chelsea,MA,02150
39,143 Congress Ave,Chelsea,MA,02150
40,143 Congress Ave,Chelsea,MA,02150
41,165 Cottage St,Chelsea,MA,02150
42,150 Maverick St,Chelsea,MA,02150
43,175 Cottage St,Chelsea,MA,02150
44,250 Congress Ave,Chelsea,MA,02150
45,255 Central Ave,Chelsea,MA,02150
46,165 Cottage St,Chelsea,MA,02150
47,250 Congress Ave,Chelsea,MA,02150
48,250 Congress Ave,Chelsea,MA,02150
49,175 Cottage St,Chelsea,MA,02150
50,165 Cottage St,Chelsea,MA,02150
51,99 Willow St,Chelsea,MA,02150
52,175 Cottage St,Chelsea,MA,02150
53,175 Cottage St,Chelsea,MA,02150
54,175 Cottage St,Chelsea,MA,02150
55,250 Congress Ave,Chelsea,MA,02150
56,89 Willow St,Chelsea,MA,02150
57,106 Essex St,Chelsea,MA,02150
58,175 Cottage St,Chelsea,MA,02150
59,175 Cottage St,Chelsea,MA,02150
60,255 Central Ave,Chelsea,MA,02150
61,73 Essex St,Chelsea,MA,02150
62,250 Congress Ave,Chelsea,MA,02150
63,255 Central Ave,Chelsea,MA,02150
64,27 Shurtleff St,Chelsea,MA,02150
65,250 Congress Ave,Chelsea,MA,02150
66,250 Congress Ave,Chelsea,MA,02150
67,89 Willow St,Chelsea,MA,02150
68,89 Willow St,Chelsea,MA,02150
69,185 Congress Ave,Chelsea,MA,02150
70,165 Cottage St,Chelsea,MA,02150
71,165 Cottage St,Chelsea,MA,02150
72,165 Cottage St,Chelsea,MA,02150
73,175 Cottage St,Chelsea,MA,02150
74,255 Central Ave,Chelsea,MA,02150
75,165 Cottage St,Chelsea,MA,02150
76,165 Cottage St,Chelsea,MA,02150
77,175 Cottage St,Chelsea,MA,02150
78,175 Cottage St,Chelsea,MA,02150
79,165 Cottage St,Chelsea,MA,02150
80,164 Maverick St,Chelsea,MA,02150
81,165 Cottage St,Chelsea,MA,02150
82,165 Cottage St,Chelsea,MA,02150
83,250 Congress Ave,Chelsea,MA,02150
84,165 Cottage St,Chelsea,MA,02150
85,250 Congress Ave,Chelsea,MA,02150
86,183 Congress Ave,Chelsea,MA,02150
87,165 Cottage St,Chelsea,MA,02150
88,130 Essex St,Chelsea,MA,02150
89,40 Shawmut St,Chelsea,MA,02150
90,255 Central Ave,Chelsea,MA,02150
91,255 Central Ave,Chelsea,MA,02150
92,96 Maverick St,Chelsea,MA,02150
93,29 Chester Ave,Chelsea,MA,02150
94,96 Maverick St,Chelsea,MA,02150
95,96 Maverick St,Chelsea,MA,02150
96,112 Maverick St,Chelsea,MA,02150
97,60 Maverick St,Chelsea,MA,02150
98,103 Central Ave,Chelsea,MA,02150
99,100 Shawmut St,Chelsea,MA,02150
100,75 Chester Ave,Chelsea,MA,02150
101,34 Maverick St,Chelsea,MA,02150
102,79 Central Ave,Chelsea,MA,02150
103,11 Lynn St,Chelsea,MA,02150
104,99 Central Ave,Chelsea,MA,02150
105,36 Maverick St,Chelsea,MA,02150
106,13 Lynn St,Chelsea,MA,02150
107,11 Watts St,Chelsea,MA,02150
108,112 Maverick St,Chelsea,MA,02150
109,75 Chester Ave,Chelsea,MA,02150
110,112 Maverick St,Chelsea,MA,02150
111,99 Highland St,Chelsea,MA,02150
112,150 Central Ave,Chelsea,MA,02150
113,150 Central Ave,Chelsea,MA,02150
114,18 Lynn St,Chelsea,MA,02150
115,112 Maverick St,Chelsea,MA,02150
116,29 Chester Ave,Chelsea,MA,02150
117,12 Watts St,Chelsea,MA,02150
118,112 Maverick St,Chelsea,MA,02150
119,125 Central Ave,Chelsea,MA,02150
120,84 Maverick St,Chelsea,MA,02150
121,84 Maverick St,Chelsea,MA,02150
122,112 Cottage St,Chelsea,MA,02150
123,183 Chester Ave,Chelsea,MA,02150
124,133 Grove St,Chelsea,MA,02150
125,138 Chester Ave,Chelsea,MA,02150
126,58 Bellingham St,Chelsea,MA,02150
127,100 Bellingham St,Chelsea,MA,02150
128,56 Cottage St,Chelsea,MA,02150
129,124 Chester Ave,Chelsea,MA,02150
130,87 Cottage St,Chelsea,MA,02150
131,138 Chester Ave,Chelsea,MA,02150
132,119 Cottage St,Chelsea,MA,02150
133,135 Bellingham St,Chelsea,MA,02150
134,90 Watts St,Chelsea,MA,02150
135,74 Chester Ave,Chelsea,MA,02150
136,17 Grove St,Chelsea,MA,02150
137,17 Grove St,Chelsea,MA,02150
138,114 Bellingham St,Chelsea,MA,02150
139,95 Bellingham St,Chelsea,MA,02150
140,207 Shurtleff St,Chelsea,MA,02150
141,183 Chester Ave,Chelsea,MA,02150
142,76 Watts St,Chelsea,MA,02150
143,110 Bellingham St,Chelsea,MA,02150
144,139 Shawmut St,Chelsea,MA,02150
145,197 Chester Ave,Chelsea,MA,02150
146,76 Watts St,Chelsea,MA,02150
147,76 Watts St,Chelsea,MA,02150
148,114 Bellingham St,Chelsea,MA,02150
149,134 Bellingham St,Chelsea,MA,02150
150,123 Bellingham St,Chelsea,MA,02150
151,138 Chester Ave,Chelsea,MA,02150
152,100 Bellingham St,Chelsea,MA,02150
153,97 Cottage St,Chelsea,MA,02150
154,97 Cottage St,Chelsea,MA,02150
155,134 Bellingham St,Chelsea,MA,02150
156,140 Shawmut St,Chelsea,MA,02150
157,100 Bellingham St,Chelsea,MA,02150
158,140 Shawmut St,Chelsea,MA,02150
159,140 Shawmut St,Chelsea,MA,02150
160,133 Bellingham St,Chelsea,MA,02150
161,100 Bellingham St,Chelsea,MA,02150
162,137 Shawmut St,Chelsea,MA,02150
163,121 Cottage St,Chelsea,MA,02150
164,101 Bellingham St,Chelsea,MA,02150
165,87 Cottage St,Chelsea,MA,02150
166,87 Cottage St,Chelsea,MA,02150
167,58 Watts St,Chelsea,MA,02150
168,139 Shawmut St,Chelsea,MA,02150
169,100 Bellingham St,Chelsea,MA,02150
170,65 Cottage St,Chelsea,MA,02150
171,86 Bellingham St,Chelsea,MA,02150
172,96 Watts St,Chelsea,MA,02150
173,81 Bellingham St,Chelsea,MA,02150
174,47 Marlboro St,Chelsea,MA,02150
175,121 Marlboro St,Chelsea,MA,02150
176,68 Marlboro St,Chelsea,MA,02150
177,88 Gerrish Ave,Chelsea,MA,02150
178,133 Marlboro St,Chelsea,MA,02150
179,27 Gerrish Ave,Chelsea,MA,02150
180,88 Gerrish Ave,Chelsea,MA,02150
181,95 Library St,Chelsea,MA,02150
182,22 Gerrish Ave,Chelsea,MA,02150
183,140 Library St,Chelsea,MA,02150
184,120 Library St,Chelsea,MA,02150
185,34 Grove St,Chelsea,MA,02150
186,27 Gerrish Ave,Chelsea,MA,02150
187,88 Gerrish Ave,Chelsea,MA,02150
188,88 Gerrish Ave,Chelsea,MA,02150
189,47 Marlboro St,Chelsea,MA,02150
190,221 Shurtleff St,Chelsea,MA,02150
191,21 Gerrish Ave,Chelsea,MA,02150
192,22 Gerrish Ave,Chelsea,MA,02150
193,8 Grove St,Chelsea,MA,02150
194,44 Gerrish Ave,Chelsea,MA,02150
195,33 Marlboro St,Chelsea,MA,02150
196,114 Grove St,Chelsea,MA,02150
197,113 Library St,Chelsea,MA,02150
198,181 Highland St,Chelsea,MA,02150
199,67 Gerrish Ave,Chelsea,MA,02150
200,67 Gerrish Ave,Chelsea,MA,02150
201,67 Gerrish Ave,Chelsea,MA,02150
202,67 Gerrish Ave,Chelsea,MA,02150
203,322 Chestnut St,Chelsea,MA,02150
204,322 Chestnut St,Chelsea,MA,02150
205,8 Grove St,Chelsea,MA,02150
206,8 Grove St,Chelsea,MA,02150
207,125 Marlboro St,Chelsea,MA,02150
208,65 Gerrish Ave,Chelsea,MA,02150
209,21 Gerrish Ave,Chelsea,MA,02150
210,55 Washington Ave,Chelsea,MA,02150
211,53 Library St,Chelsea,MA,02150
212,21 Gerrish Ave,Chelsea,MA,02150
213,125 Marlboro St,Chelsea,MA,02150
214,88 Gerrish Ave,Chelsea,MA,02150
215,124 Library St,Chelsea,MA,02150
216,124 Library St,Chelsea,MA,02150
217,21 Gerrish Ave,Chelsea,MA,02150
218,152 Marlboro St,Chelsea,MA,02150
219,33 Marlboro St,Chelsea,MA,02150
220,81 Broadway,Chelsea,MA,02150
221,81 Broadway,Chelsea,MA,02150
222,12 High St,Chelsea,MA,02150
223,50 Boatswains Way,Chelsea,MA,02150
224,12 High St,Chelsea,MA,02150
225,12 High St,Chelsea,MA,02150
226,50 Boatswains Way,Chelsea,MA,02150
227,100 Boatswains Way,Chelsea,MA,02150
228,120 Williams St,Chelsea,MA,02150
229,50 Boatswains Way,Chelsea,MA,02150
230,50 Boatswains Way,Chelsea,MA,02150
231,50 Boatswains Way,Chelsea,MA,02150
232,200 Captains Row,Chelsea,MA,02150
233,325 Commandants Way,Chelsea,MA,02150
234,5 Admirals Way,Chelsea,MA,02150
235,12 Breakwater Cove,Chelsea,MA,02150
236,325 Commandants Way,Chelsea,MA,02150
237,37 Breakwater Dr,Chelsea,MA,02150
238,200 Captains Row,Chelsea,MA,02150
239,200 Captains Row,Chelsea,MA,02150
240,50 Boatswains Way,Chelsea,MA,02150
241,50 Boatswains Way,Chelsea,MA,02150
242,24 Front St,Chelsea,MA,02150
243,50 Boatswains Way,Chelsea,MA,02150
244,23 Chestnut St,Chelsea,MA,02150
245,23 Chestnut St,Chelsea,MA,02150
246,150 Captains Row,Chelsea,MA,02150
247,165 Captains Row,Chelsea,MA,02150
248,100 Boatswains Way,Chelsea,MA,02150
249,50 Boatswains Way,Chelsea,MA,02150
250,165 Captains Row,Chelsea,MA,02150
251,110 Commandants Way,Chelsea,MA,02150
252,12 Howell Ct,Chelsea,MA,02150
253,23 Admirals Way,Chelsea,MA,02150
254,24 Front St,Chelsea,MA,02150
255,160 Commandants Way,Chelsea,MA,02150
256,201 Captains Row,Chelsea,MA,02150
257,67 Broadway,Chelsea,MA,02150
258,300 Commandants Way,Chelsea,MA,02150
259,100 Boatswains Way,Chelsea,MA,02150
260,5 Admirals Way,Chelsea,MA,02150
261,26 Admirals Way,Chelsea,MA,02150
262,50 Boatswains Way,Chelsea,MA,02150
263,36 Medford St,Chelsea,MA,02150
264,28 Boatswains Way,Chelsea,MA,02150
265,150 Captains Row,Chelsea,MA,02150
266,200 Captains Row,Chelsea,MA,02150
267,5 Admirals Way,Chelsea,MA,02150
268,150 Captains Row,Chelsea,MA,02150
269,1 Medford St,Chelsea,MA,02150
270,150 Captains Row,Chelsea,MA,02150
271,46 Medford St,Chelsea,MA,02150
272,5 Admirals Way,Chelsea,MA,02150
273,15 Beacon Pl,Chelsea,MA,02150
274,15 Beacon Pl,Chelsea,MA,02150
275,50 Boatswains Way,Chelsea,MA,02150
276,150 Captains Row,Chelsea,MA,02150
277,21 Boatswains Way,Chelsea,MA,02150
278,10 Medford St,Chelsea,MA,02150
279,17 Boatswains Way,Chelsea,MA,02150
280,22 Boatswains Way,Chelsea,MA,02150
281,201 Captains Row,Chelsea,MA,02150
282,100 Captains Row,Chelsea,MA,02150
283,100 Boatswains Way,Chelsea,MA,02150
284,33 Chestnut St,Chelsea,MA,02150
285,81 Boatswains Way,Chelsea,MA,02150
286,150 Captains Row,Chelsea,MA,02150
287,165 Captains Row,Chelsea,MA,02150
288,165 Captains Row,Chelsea,MA,02150
289,81 Boatswains Way,Chelsea,MA,02150
290,32 Breakwater Dr,Chelsea,MA,02150
291,5 Admirals Way,Chelsea,MA,02150
292,24 Breakwater Dr,Chelsea,MA,02150
293,24 Breakwater Dr,Chelsea,MA,02150
294,5 Admirals Way,Chelsea,MA,02150
295,112 Beacon St,Chelsea,MA,02150
296,6 Breakwater Dr,Chelsea,MA,02150
297,113 Beacon St,Chelsea,MA,02150
298,100 Commandants Way,Chelsea,MA,02150
299,150 Captains Row,Chelsea,MA,02150
300,5 Admirals Way,Chelsea,MA,02150
301,5 Admirals Way,Chelsea,MA,02150
302,12 Howell Ct,Chelsea,MA,02150
303,33 Medford St,Chelsea,MA,02150
304,5 Admirals Way,Chelsea,MA,02150
305,5 Admirals Way,Chelsea,MA,02150
306,100 Captains Row,Chelsea,MA,02150
307,50 Boatswains Way,Chelsea,MA,02150
308,2 Breakwater Dr,Chelsea,MA,02150
309,24 Admirals Way,Chelsea,MA,02150
310,41 Pine St,Chelsea,MA,02150
311,41 Pine St,Chelsea,MA,02150
312,200 Captains Row,Chelsea,MA,02150
313,5 Admirals Way,Chelsea,MA,02150
314,28 Breakwater Dr,Chelsea,MA,02150
315,35 Breakwater Dr,Chelsea,MA,02150
316,35 Breakwater Dr,Chelsea,MA,02150
317,33 Admirals Way,Chelsea,MA,02150
318,52 Beacon St,Chelsea,MA,02150
319,325 Commandants Way,Chelsea,MA,02150
320,201 Captains Row,Chelsea,MA,02150
321,26 Beacon St,Chelsea,MA,02150
322,100 Boatswains Way,Chelsea,MA,02150
323,12 Front St,Chelsea,MA,02150
324,150 Captains Row,Chelsea,MA,02150
325,5 Admirals Way,Chelsea,MA,02150
326,165 Captains Row,Chelsea,MA,02150
327,73 Boatswains Way,Chelsea,MA,02150
328,300 Commandants Way,Chelsea,MA,02150
329,325 Commandants Way,Chelsea,MA,02150
330,325 Commandants Way,Chelsea,MA,02150
331,165 Captains Row,Chelsea,MA,02150
332,300 Commandants Way,Chelsea,MA,02150
333,100 Commandants Way,Chelsea,MA,02150
334,100 Commandants Way,Chelsea,MA,02150
335,5 Admirals Way,Chelsea,MA,02150
336,12 Admirals Way,Chelsea,MA,02150
337,12 Admirals Way,Chelsea,MA,02150
338,12 Admirals Way,Chelsea,MA,02150
339,150 Captains Row,Chelsea,MA,02150
340,61 Boatswains Way,Chelsea,MA,02150
341,100 Boatswains Way,Chelsea,MA,02150
342,325 Commandants Way,Chelsea,MA,02150
343,325 Commandants Way,Chelsea,MA,02150
344,200 Captains Row,Chelsea,MA,02150
345,50 Boatswains Way,Chelsea,MA,02150
346,165 Captains Row,Chelsea,MA,02150
347,77 Boatswains Way,Chelsea,MA,02150
348,1 Medford St,Chelsea,MA,02150
349,165 Captains Row,Chelsea,MA,02150
350,200 Captains Row,Chelsea,MA,02150
351,160 Commandants Way,Chelsea,MA,02150
352,23 Chestnut St,Chelsea,MA,02150
353,23 Chestnut St,Chelsea,MA,02150
354,12 Front St,Chelsea,MA,02150
355,50 Boatswains Way,Chelsea,MA,02150
356,5 Admirals Way,Chelsea,MA,02150
357,110 Commandants Way,Chelsea,MA,02150
358,105 Beacon St,Chelsea,MA,02150
359,100 Captains Row,Chelsea,MA,02150
360,5 Admirals Way,Chelsea,MA,02150
361,5 Admirals Way,Chelsea,MA,02150
362,6 Admirals Way,Chelsea,MA,02150
363,26 Beacon St,Chelsea,MA,02150
364,150 Captains Row,Chelsea,MA,02150
365,84 Beacon St,Chelsea,MA,02150
366,150 Captains Row,Chelsea,MA,02150
367,201 Captains Row,Chelsea,MA,02150
368,100 Captains Row,Chelsea,MA,02150
369,52 Beacon St,Chelsea,MA,02150
370,50 Medford St,Chelsea,MA,02150
371,201 Captains Row,Chelsea,MA,02150
372,30 Beacon St,Chelsea,MA,02150
373,30 Beacon St,Chelsea,MA,02150
374,50 Boatswains Way,Chelsea,MA,02150
375,165 Captains Row,Chelsea,MA,02150
376,160 Commandants Way,Chelsea,MA,02150
377,54 Beacon St,Chelsea,MA,02150
378,6 Medford St,Chelsea,MA,02150
379,5 Admirals Way,Chelsea,MA,02150
380,100 Boatswains Way,Chelsea,MA,02150
381,100 Boatswains Way,Chelsea,MA,02150
382,100 Boatswains Way,Chelsea,MA,02150
383,150 Captains Row,Chelsea,MA,02150
384,66 Beacon St,Chelsea,MA,02150
385,66 Beacon St,Chelsea,MA,02150
386,201 Captains Row,Chelsea,MA,02150
387,201 Captains Row,Chelsea,MA,02150
388,150 Captains Row,Chelsea,MA,02150
389,165 Captains Row,Chelsea,MA,02150
390,57 Broadway,Chelsea,MA,02150
391,73 Broadway,Chelsea,MA,02150
392,42 Beacon St,Chelsea,MA,02150
393,300 Commandants Way,Chelsea,MA,02150
394,109 Beacon St,Chelsea,MA,02150
395,5 Admirals Way,Chelsea,MA,02150
396,150 Captains Row,Chelsea,MA,02150
397,201 Captains Row,Chelsea,MA,02150
398,165 Captains Row,Chelsea,MA,02150
399,100 Captains Row,Chelsea,MA,02150
400,100 Captains Row,Chelsea,MA,02150
401,100 Captains Row,Chelsea,MA,02150
402,5 Admirals Way,Chelsea,MA,02150
403,325 Commandants Way,Chelsea,MA,02150
404,150 Captains Row,Chelsea,MA,02150
405,150 Captains Row,Chelsea,MA,02150
406,25 Breakwater Dr,Chelsea,MA,02150
407,30 Breakwater Dr,Chelsea,MA,02150
408,30 Breakwater Dr,Chelsea,MA,02150
409,5 Admirals Way,Chelsea,MA,02150
410,73 Broadway,Chelsea,MA,02150
411,5 Admirals Way,Chelsea,MA,02150
412,50 Boatswains Way,Chelsea,MA,02150
413,50 Medford St,Chelsea,MA,02150
414,165 Captains Row,Chelsea,MA,02150
415,50 Boatswains Way,Chelsea,MA,02150
416,150 Captains Row,Chelsea,MA,02150
417,165 Captains Row,Chelsea,MA,02150
418,100 Boatswains Way,Chelsea,MA,02150
419,25 Breakwater Dr,Chelsea,MA,02150
420,200 Captains Row,Chelsea,MA,02150
421,100 Boatswains Way,Chelsea,MA,02150
422,100 Boatswains Way,Chelsea,MA,02150
423,17 Howell Ct,Chelsea,MA,02150
424,18 Admirals Way,Chelsea,MA,02150
425,50 Boatswains Way,Chelsea,MA,02150
426,150 Captains Row,Chelsea,MA,02150
427,52 Beacon St,Chelsea,MA,02150
428,165 Captains Row,Chelsea,MA,02150
429,160 Commandants Way,Chelsea,MA,02150
430,100 Captains Row,Chelsea,MA,02150
431,50 Boatswains Way,Chelsea,MA,02150
432,200 Captains Row,Chelsea,MA,02150
433,200 Captains Row,Chelsea,MA,02150
434,5 Admirals Way,Chelsea,MA,02150
435,5 Admirals Way,Chelsea,MA,02150
436,5 Admirals Way,Chelsea,MA,02150
437,5 Admirals Way,Chelsea,MA,02150
438,150 Captains Row,Chelsea,MA,02150
439,200 Captains Row,Chelsea,MA,02150
440,4 High St,Chelsea,MA,02150
441,325 Commandants Way,Chelsea,MA,02150
442,150 Captains Row,Chelsea,MA,02150
443,150 Captains Row,Chelsea,MA,02150
444,81 Broadway,Chelsea,MA,02150
445,5 Admirals Way,Chelsea,MA,02150
446,20 Medford St,Chelsea,MA,02150
447,160 Commandants Way,Chelsea,MA,02150
448,50 Boatswains Way,Chelsea,MA,02150
449,165 Captains Row,Chelsea,MA,02150
450,165 Captains Row,Chelsea,MA,02150
451,44 Medford St,Chelsea,MA,02150
452,165 Captains Row,Chelsea,MA,02150
453,12 High St,Chelsea,MA,02150
454,12 High St,Chelsea,MA,02150
455,12 High St,Chelsea,MA,02150
456,325 Commandants Way,Chelsea,MA,02150
457,100 Captains Row,Chelsea,MA,02150
458,200 Captains Row,Chelsea,MA,02150
459,160 Commandants Way,Chelsea,MA,02150
460,68 Captains Row,Chelsea,MA,02150
461,5 Admirals Way,Chelsea,MA,02150
462,32 Breakwater Dr,Chelsea,MA,02150
463,165 Captains Row,Chelsea,MA,02150
464,300 Commandants Way,Chelsea,MA,02150
465,5 Admirals Way,Chelsea,MA,02150
466,165 Captains Row,Chelsea,MA,02150
467,40 Admirals Way,Chelsea,MA,02150
468,201 Captains Row,Chelsea,MA,02150
469,300 Commandants Way,Chelsea,MA,02150
470,150 Captains Row,Chelsea,MA,02150
471,50 Boatswains Way,Chelsea,MA,02150
472,50 Boatswains Way,Chelsea,MA,02150
473,300 Commandants Way,Chelsea,MA,02150
474,17 Boatswains Way,Chelsea,MA,02150
475,165 Captains Row,Chelsea,MA,02150
476,78 Captains Row,Chelsea,MA,02150
477,300 Commandants Way,Chelsea,MA,02150
478,50 Boatswains Way,Chelsea,MA,02150
479,50 Boatswains Way,Chelsea,MA,02150
480,150 Captains Row,Chelsea,MA,02150
481,201 Captains Row,Chelsea,MA,02150
482,14 Front St,Chelsea,MA,02150
483,109 Beacon St,Chelsea,MA,02150
484,5 Eldridge Pl,Chelsea,MA,02150
485,5 Eldridge Pl,Chelsea,MA,02150
486,54 Medford St,Chelsea,MA,02150
487,28 Beacon St,Chelsea,MA,02150
488,50 Boatswains Way,Chelsea,MA,02150
489,81 Broadway,Chelsea,MA,02150
490,150 Captains Row,Chelsea,MA,02150
491,325 Commandants Way,Chelsea,MA,02150
492,100 Boatswains Way,Chelsea,MA,02150
493,53 Breakwater Dr,Chelsea,MA,02150
494,53 Breakwater Dr,Chelsea,MA,02150
495,120 Williams St,Chelsea,MA,02150
496,150 Captains Row,Chelsea,MA,02150
497,100 Boatswains Way,Chelsea,MA,02150
498,16 Boatswains Way,Chelsea,MA,02150
499,160 Commandants Way,Chelsea,MA,02150
500,50 Boatswains Way,Chelsea,MA,02150
501,100 Boatswains Way,Chelsea,MA,02150
502,5 Admirals Way,Chelsea,MA,02150
503,325 Commandants Way,Chelsea,MA,02150
504,325 Commandants Way,Chelsea,MA,02150
505,5 Medford St,Chelsea,MA,02150
506,5 Medford St,Chelsea,MA,02150
507,5 Admirals Way,Chelsea,MA,02150
508,300 Commandants Way,Chelsea,MA,02150
509,5 Admirals Way,Chelsea,MA,02150
510,100 Captains Row,Chelsea,MA,02150
511,120 Commandants Way,Chelsea,MA,02150
512,120 Commandants Way,Chelsea,MA,02150
513,300 Commandants Way,Chelsea,MA,02150
514,62 Beacon St,Chelsea,MA,02150
515,62 Beacon St,Chelsea,MA,02150
516,5 Admirals Way,Chelsea,MA,02150
517,50 Boatswains Way,Chelsea,MA,02150
518,150 Captains Row,Chelsea,MA,02150
519,32 Admirals Way,Chelsea,MA,02150
520,120 Williams St,Chelsea,MA,02150
521,325 Commandants Way,Chelsea,MA,02150
522,165 Captains Row,Chelsea,MA,02150
523,105 Beacon St,Chelsea,MA,02150
524,100 Boatswains Way,Chelsea,MA,02150
525,100 Captains Row,Chelsea,MA,02150
526,201 Captains Row,Chelsea,MA,02150
527,100 Commandants Way,Chelsea,MA,02150
528,50 Boatswains Way,Chelsea,MA,02150
529,150 Captains Row,Chelsea,MA,02150
530,150 Heard St,Chelsea,MA,02150
531,135 Bloomingdale St,Chelsea,MA,02150
532,135 Bloomingdale St,Chelsea,MA,02150
533,135 Bloomingdale St,Chelsea,MA,02150
534,135 Bloomingdale St,Chelsea,MA,02150
535,135 Bloomingdale St,Chelsea,MA,02150
536,123 Addison St,Chelsea,MA,02150
537,100 Heard St,Chelsea,MA,02150
538,150 Heard St,Chelsea,MA,02150
539,119 Addison St,Chelsea,MA,02150
540,119 Addison St,Chelsea,MA,02150
541,254 Washington Ave,Chelsea,MA,02150
542,150 Heard St,Chelsea,MA,02150
543,100 Heard St,Chelsea,MA,02150
544,133 Bloomingdale St,Chelsea,MA,02150
545,120 Blossom St,Chelsea,MA,02150
546,138 Orange St,Chelsea,MA,02150
547,100 Heard St,Chelsea,MA,02150
548,68 Heard St,Chelsea,MA,02150
549,150 Heard St,Chelsea,MA,02150
550,100 Heard St,Chelsea,MA,02150
551,100 Heard St,Chelsea,MA,02150
552,132 Bloomingdale St,Chelsea,MA,02150
553,132 Bloomingdale St,Chelsea,MA,02150
554,132 Addison St,Chelsea,MA,02150
555,308 Washington Ave,Chelsea,MA,02150
556,142 Addison St,Chelsea,MA,02150
557,136 Bloomingdale St,Chelsea,MA,02150
558,150 Heard St,Chelsea,MA,02150
559,120 Orange St,Chelsea,MA,02150
560,255 Vale St,Chelsea,MA,02150
561,100 Heard St,Chelsea,MA,02150
562,107 Bloomingdale St,Chelsea,MA,02150
563,100 Heard St,Chelsea,MA,02150
564,300 Washington Ave,Chelsea,MA,02150
565,300 Washington Ave,Chelsea,MA,02150
566,300 Washington Ave,Chelsea,MA,02150
567,65 Sixth St,Chelsea,MA,02150
568,115 Orange St,Chelsea,MA,02150
569,138 Walnut St,Chelsea,MA,02150
570,136 Bloomingdale St,Chelsea,MA,02150
571,136 Bloomingdale St,Chelsea,MA,02150
572,150 Heard St,Chelsea,MA,02150
573,150 Heard St,Chelsea,MA,02150
574,126 Bloomingdale St,Chelsea,MA,02150
575,123 Orange St,Chelsea,MA,02150
576,123 Orange St,Chelsea,MA,02150
577,150 Heard St,Chelsea,MA,02150
578,306 Washington Ave,Chelsea,MA,02150
579,150 Heard St,Chelsea,MA,02150
580,65 Sixth St,Chelsea,MA,02150
581,124 Addison St,Chelsea,MA,02150
582,67 Sixth St,Chelsea,MA,02150
583,304 Washington Ave,Chelsea,MA,02150
584,150 Heard St,Chelsea,MA,02150
585,237 Spruce St,Chelsea,MA,02150
586,100 Heard St,Chelsea,MA,02150
587,254 Washington Ave,Chelsea,MA,02150
588,254 Washington Ave,Chelsea,MA,02150
589,100 Heard St,Chelsea,MA,02150
590,304 Washington Ave,Chelsea,MA,02150
591,254 Washington Ave,Chelsea,MA,02150
592,100 Heard St,Chelsea,MA,02150
593,100 Heard St,Chelsea,MA,02150
594,150 Heard St,Chelsea,MA,02150
595,150 Heard St,Chelsea,MA,02150
596,150 Heard St,Chelsea,MA,02150
597,308 Washington Ave,Chelsea,MA,02150
598,131 Bloomingdale St,Chelsea,MA,02150
599,308 Washington Ave,Chelsea,MA,02150
600,107 Bloomingdale St,Chelsea,MA,02150
601,150 Heard St,Chelsea,MA,02150
602,312 Carter St,Chelsea,MA,02150
603,150 Heard St,Chelsea,MA,02150
604,120 Shurtleff St,Chelsea,MA,02150
605,154 Pearl St,Chelsea,MA,02150
606,154 Pearl St,Chelsea,MA,02150
607,4 Washington Ave,Chelsea,MA,02150
608,324 Broadway,Chelsea,MA,02150
609,194 Chestnut St,Chelsea,MA,02150
610,304 Broadway,Chelsea,MA,02150
611,439 Broadway,Chelsea,MA,02150
612,181 Chestnut St,Chelsea,MA,02150
613,439 Broadway,Chelsea,MA,02150
614,181 Chestnut St,Chelsea,MA,02150
615,181 Chestnut St,Chelsea,MA,02150
616,154 Pearl St,Chelsea,MA,02150
617,154 Pearl St,Chelsea,MA,02150
618,120 Shurtleff St,Chelsea,MA,02150
619,154 Pearl St,Chelsea,MA,02150
620,16 Fifth St,Chelsea,MA,02150
621,245 Chestnut St,Chelsea,MA,02150
622,121 Hawthorn St,Chelsea,MA,02150
623,274 Chestnut St,Chelsea,MA,02150
624,197 Chestnut St,Chelsea,MA,02150
625,197 Chestnut St,Chelsea,MA,02150
626,48 Washington Ave,Chelsea,MA,02150
627,48 Washington Ave,Chelsea,MA,02150
628,19 Third St,Chelsea,MA,02150
629,16 Fifth St,Chelsea,MA,02150
630,16 Fifth St,Chelsea,MA,02150
631,16 Fifth St,Chelsea,MA,02150
632,119 Hawthorn St,Chelsea,MA,02150
633,466 Broadway,Chelsea,MA,02150
634,278 Chestnut St,Chelsea,MA,02150
635,201 Chestnut St,Chelsea,MA,02150
636,12 Sixth St,Chelsea,MA,02150
637,184 Chestnut St,Chelsea,MA,02150
638,197 Chestnut St,Chelsea,MA,02150
639,148 Shurtleff St,Chelsea,MA,02150
640,140 Pearl St,Chelsea,MA,02150
641,28 Washington Ave,Chelsea,MA,02150
642,162 Chestnut St,Chelsea,MA,02150
643,121 Hawthorn St,Chelsea,MA,02150
644,154 Pearl St,Chelsea,MA,02150
645,18 Washington Ave,Chelsea,MA,02150
646,154 Pearl St,Chelsea,MA,02150
647,44 Sixth St,Chelsea,MA,02150
648,154 Pearl St,Chelsea,MA,02150
649,355 Broadway,Chelsea,MA,02150
650,375 Broadway,Chelsea,MA,02150
651,324 Broadway,Chelsea,MA,02150
652,123 Hawthorn St,Chelsea,MA,02150
653,154 Pearl St,Chelsea,MA,02150
654,375 Broadway,Chelsea,MA,02150
655,158 Park St,Chelsea,MA,02150
656,99 Chestnut St,Chelsea,MA,02150
657,99 Chestnut St,Chelsea,MA,02150
658,82 Chestnut St,Chelsea,MA,02150
659,80 Park St,Chelsea,MA,02150
660,100 Pearl St,Chelsea,MA,02150
661,10 Pembroke St,Chelsea,MA,02150
662,56 Cherry St,Chelsea,MA,02150
663,28 Pembroke St,Chelsea,MA,02150
664,10 Pembroke St,Chelsea,MA,02150
665,8 Ferry St,Chelsea,MA,02150
666,10 Pembroke St,Chelsea,MA,02150
667,220 Broadway,Chelsea,MA,02150
668,16 Beacon St,Chelsea,MA,02150
669,161 Winnisimmet St,Chelsea,MA,02150
670,122 Winnisimmet St,Chelsea,MA,02150
671,87 Congress Ave,Chelsea,MA,02150
672,59 Hawthorn St,Chelsea,MA,02150
673,78 Park St,Chelsea,MA,02150
674,84 Division St,Chelsea,MA,02150
675,106 Chestnut St,Chelsea,MA,02150
676,106 Chestnut St,Chelsea,MA,02150
677,106 Chestnut St,Chelsea,MA,02150
678,11 Cross St,Chelsea,MA,02150
679,32 Everett Ave,Chelsea,MA,02150
680,16 Tremont St,Chelsea,MA,02150
681,16 Tremont St,Chelsea,MA,02150
682,13 School St,Chelsea,MA,02150
683,82 Chestnut St,Chelsea,MA,02150
684,87 Congress Ave,Chelsea,MA,02150
685,38 Williams St,Chelsea,MA,02150
686,100 Broadway,Chelsea,MA,02150
687,165 Winnisimmet St,Chelsea,MA,02150
688,14 Williams St,Chelsea,MA,02150
689,11 Congress Ave,Chelsea,MA,02150
690,11 Congress Ave,Chelsea,MA,02150
691,124 Winnisimmet St,Chelsea,MA,02150
692,55 Cherry St,Chelsea,MA,02150
693,55 Cherry St,Chelsea,MA,02150
694,105 Broadway,Chelsea,MA,02150
695,171 Winnisimmet St,Chelsea,MA,02150
696,171 Winnisimmet St,Chelsea,MA,02150
697,14 Williams St,Chelsea,MA,02150
698,28 Hawthorn St,Chelsea,MA,02150
699,32 Everett Ave,Chelsea,MA,02150
700,165 Winnisimmet St,Chelsea,MA,02150
701,34 Division St,Chelsea,MA,02150
702,36 Division St,Chelsea,MA,02150
703,36 Division St,Chelsea,MA,02150
704,78 Hawthorn St,Chelsea,MA,02150
705,214 Broadway,Chelsea,MA,02150
706,220 Broadway,Chelsea,MA,02150
707,37 Beacon St,Chelsea,MA,02150
708,99 Chestnut St,Chelsea,MA,02150
709,11 School St,Chelsea,MA,02150
710,104 Chestnut St,Chelsea,MA,02150
711,102 Winnisimmet St,Chelsea,MA,02150
712,100 Broadway,Chelsea,MA,02150
713,112 Chestnut St,Chelsea,MA,02150
714,203 Winnisimmet St,Chelsea,MA,02150
715,77 Pearl St,Chelsea,MA,02150
716,77 Pearl St,Chelsea,MA,02150
717,14 Hawthorn St,Chelsea,MA,02150
718,102 Chestnut St,Chelsea,MA,02150
719,102 Chestnut St,Chelsea,MA,02150
720,102 Chestnut St,Chelsea,MA,02150
721,16 Beacon St,Chelsea,MA,02150
722,122 Winnisimmet St,Chelsea,MA,02150
723,122 Winnisimmet St,Chelsea,MA,02150
724,188 Broadway,Chelsea,MA,02150
725,30 Tremont St,Chelsea,MA,02150
726,6 Ellsworth St,Chelsea,MA,02150
727,33 Cherry St,Chelsea,MA,02150
728,33 Cherry St,Chelsea,MA,02150
729,122 Winnisimmet St,Chelsea,MA,02150
730,11 Cross St,Chelsea,MA,02150
731,124 Chestnut St,Chelsea,MA,02150
732,37 Beacon St,Chelsea,MA,02150
733,25 Williams St,Chelsea,MA,02150
734,74 Park St,Chelsea,MA,02150
735,6 Ellsworth St,Chelsea,MA,02150
736,157 Winnisimmet St,Chelsea,MA,02150
737,112 Chestnut St,Chelsea,MA,02150
738,99 Chestnut St,Chelsea,MA,02150
739,203 Winnisimmet St,Chelsea,MA,02150
740,3 Pembroke St,Chelsea,MA,02150
741,27 Pembroke St,Chelsea,MA,02150
742,19 Beacon St,Chelsea,MA,02150
743,10 Beacon St,Chelsea,MA,02150
744,102 Winnisimmet St,Chelsea,MA,02150
745,30 Tremont St,Chelsea,MA,02150
746,188 Broadway,Chelsea,MA,02150
747,10 Beacon St,Chelsea,MA,02150
748,21 Beacon St,Chelsea,MA,02150
749,14 Williams St,Chelsea,MA,02150
750,99 Chestnut St,Chelsea,MA,02150
751,27 Division St,Chelsea,MA,02150
752,173 Winnisimmet St,Chelsea,MA,02150
753,19 Beacon St,Chelsea,MA,02150
754,106 Chestnut St,Chelsea,MA,02150
755,99 Chestnut St,Chelsea,MA,02150
756,1 Pembroke St,Chelsea,MA,02150
757,87 Chestnut St,Chelsea,MA,02150
758,37 Beacon St,Chelsea,MA,02150
759,91 Crest Ave,Chelsea,MA,02150
760,2 Fitz Ter,Chelsea,MA,02150
761,855 Broadway,Chelsea,MA,02150
762,55 Eleanor St,Chelsea,MA,02150
763,107 Clark Ave,Chelsea,MA,02150
764,91 Crest Ave,Chelsea,MA,02150
765,113 Spencer Ave,Chelsea,MA,02150
766,107 Clark Ave,Chelsea,MA,02150
767,797 Broadway,Chelsea,MA,02150
768,12 John St,Chelsea,MA,02150
769,113 Spencer Ave,Chelsea,MA,02150
770,62 Spencer Ave,Chelsea,MA,02150
771,844 Broadway,Chelsea,MA,02150
772,855 Broadway,Chelsea,MA,02150
773,855 Broadway,Chelsea,MA,02150
774,91 Crest Ave,Chelsea,MA,02150
775,108 Clark Ave,Chelsea,MA,02150
776,108 Clark Ave,Chelsea,MA,02150
777,91 Crest Ave,Chelsea,MA,02150
778,91 Crest Ave,Chelsea,MA,02150
779,91 Crest Ave,Chelsea,MA,02150
780,55 Eleanor St,Chelsea,MA,02150
781,783 Broadway,Chelsea,MA,02150
782,767 Broadway,Chelsea,MA,02150
783,52 Spencer Ave,Chelsea,MA,02150
784,91 Crest Ave,Chelsea,MA,02150
785,35 John St,Chelsea,MA,02150
786,35 John St,Chelsea,MA,02150
787,91 Crest Ave,Chelsea,MA,02150
788,23 John St,Chelsea,MA,02150
789,55 Eleanor St,Chelsea,MA,02150
790,91 Crest Ave,Chelsea,MA,02150
791,113 Spencer Ave,Chelsea,MA,02150
792,113 Spencer Ave,Chelsea,MA,02150
793,113 Spencer Ave,Chelsea,MA,02150
794,32 Crest Ave,Chelsea,MA,02150
795,91 Crest Ave,Chelsea,MA,02150
796,794 Broadway,Chelsea,MA,02150
797,91 Crest Ave,Chelsea,MA,02150
798,23 John St,Chelsea,MA,02150
799,855 Broadway,Chelsea,MA,02150
800,17 John St,Chelsea,MA,02150
801,91 Crest Ave,Chelsea,MA,02150
802,25 Eleanor St,Chelsea,MA,02150
803,43 Eleanor St,Chelsea,MA,02150
804,113 Spencer Ave,Chelsea,MA,02150
805,91 Crest Ave,Chelsea,MA,02150
806,91 Crest Ave,Chelsea,MA,02150
807,1 Fitz Ter,Chelsea,MA,02150
808,28 Parker St,Chelsea,MA,02150
809,91 Crest Ave,Chelsea,MA,02150
810,91 Crest Ave,Chelsea,MA,02150
811,844 Broadway,Chelsea,MA,02150
812,91 Crest Ave,Chelsea,MA,02150
813,91 Crest Ave,Chelsea,MA,02150
814,820 Broadway,Chelsea,MA,02150
815,27 Willard St,Chelsea,MA,02150
816,855 Broadway,Chelsea,MA,02150
817,855 Broadway,Chelsea,MA,02150
818,108 Clark Ave,Chelsea,MA,02150
819,6 Hillside Ave,Chelsea,MA,02150
820,91 Crest Ave,Chelsea,MA,02150
821,58 Parker St,Chelsea,MA,02150
822,113 Spencer Ave,Chelsea,MA,02150
823,109 Clark Ave,Chelsea,MA,02150
824,16 Willard St,Chelsea,MA,02150
825,99 Tudor St,Chelsea,MA,02150
826,9 John St,Chelsea,MA,02150
827,91 Crest Ave,Chelsea,MA,02150
828,43 Eleanor St,Chelsea,MA,02150
829,33 John St,Chelsea,MA,02150
830,33 John St,Chelsea,MA,02150
831,91 Crest Ave,Chelsea,MA,02150
832,16 Willard St,Chelsea,MA,02150
833,91 Crest Ave,Chelsea,MA,02150
834,84 Eleanor St,Chelsea,MA,02150
835,113 Spencer Ave,Chelsea,MA,02150
836,793 Broadway,Chelsea,MA,02150
837,23 John St,Chelsea,MA,02150
838,23 John St,Chelsea,MA,02150
839,99 Tudor St,Chelsea,MA,02150
840,91 Crest Ave,Chelsea,MA,02150
841,91 Crest Ave,Chelsea,MA,02150
842,91 Crest Ave,Chelsea,MA,02150
843,844 Broadway,Chelsea,MA,02150
844,91 Crest Ave,Chelsea,MA,02150
845,83 Tudor St,Chelsea,MA,02150
846,71 Clark Ave,Chelsea,MA,02150
847,855 Broadway,Chelsea,MA,02150
848,91 Crest Ave,Chelsea,MA,02150
849,91 Crest Ave,Chelsea,MA,02150
850,79 Tudor St,Chelsea,MA,02150
851,67 Clark Ave,Chelsea,MA,02150
852,91 Crest Ave,Chelsea,MA,02150
853,91 Crest Ave,Chelsea,MA,02150
854,91 Crest Ave,Chelsea,MA,02150
855,6 George St,Chelsea,MA,02150
856,113 Spencer Ave,Chelsea,MA,02150
857,113 Spencer Ave,Chelsea,MA,02150
858,16 Eleanor St,Chelsea,MA,02150
859,16 Eleanor St,Chelsea,MA,02150
860,16 Eleanor St,Chelsea,MA,02150
861,35 John St,Chelsea,MA,02150
862,35 John St,Chelsea,MA,02150
863,1 Webster Ave,Chelsea,MA,02150
864,1 Mill Ct,Chelsea,MA,02150
865,60 Dudley St,Chelsea,MA,02150
866,457 Eastern Ave,Chelsea,MA,02150
867,13 Dudley St,Chelsea,MA,02150
868,423 Eastern Ave,Chelsea,MA,02150
869,12 Louis St,Chelsea,MA,02150
870,60 Dudley St,Chelsea,MA,02150
871,60 Dudley St,Chelsea,MA,02150
872,60 Dudley St,Chelsea,MA,02150
873,154 Spencer Ave,Chelsea,MA,02150
874,14 Carroll St,Chelsea,MA,02150
875,60 Dudley St,Chelsea,MA,02150
876,1 Webster Ave,Chelsea,MA,02150
877,60 Dudley St,Chelsea,MA,02150
878,60 Dudley St,Chelsea,MA,02150
879,1 Webster Ave,Chelsea,MA,02150
880,60 Dudley St,Chelsea,MA,02150
881,60 Dudley St,Chelsea,MA,02150
882,1 Webster Ave,Chelsea,MA,02150
883,415 Crescent Ave,Chelsea,MA,02150
884,60 Dudley St,Chelsea,MA,02150
885,60 Dudley St,Chelsea,MA,02150
886,1 Webster Ave,Chelsea,MA,02150
887,73 Clinton St,Chelsea,MA,02150
888,52 Washburn St,Chelsea,MA,02150
889,52 Washburn St,Chelsea,MA,02150
890,1 Webster Ave,Chelsea,MA,02150
891,12 Louis St,Chelsea,MA,02150
892,35 Clinton St,Chelsea,MA,02150
893,35 Clinton St,Chelsea,MA,02150
894,35 Clinton St,Chelsea,MA,02150
895,64 Carroll St,Chelsea,MA,02150
896,64 Carroll St,Chelsea,MA,02150
897,64 Carroll St,Chelsea,MA,02150
898,60 Dudley St,Chelsea,MA,02150
899,223 Spencer Ave,Chelsea,MA,02150
900,223 Spencer Ave,Chelsea,MA,02150
901,60 Dudley St,Chelsea,MA,02150
902,8 Webster Ave,Chelsea,MA,02150
903,17 Hooper St,Chelsea,MA,02150
904,1 Webster Ave,Chelsea,MA,02150
905,1 Webster Ave,Chelsea,MA,02150
906,12 Carroll St,Chelsea,MA,02150
907,12 Carroll St,Chelsea,MA,02150
908,12 Carroll St,Chelsea,MA,02150
909,30 Louis St,Chelsea,MA,02150
910,4 Clinton Ct,Chelsea,MA,02150
911,60 Dudley St,Chelsea,MA,02150
912,17 Louis St,Chelsea,MA,02150
913,17 Louis St,Chelsea,MA,02150
914,66 Clinton St,Chelsea,MA,02150
915,27 Clinton St,Chelsea,MA,02150
916,27 Clinton St,Chelsea,MA,02150
917,186 Spencer Ave,Chelsea,MA,02150
918,186 Spencer Ave,Chelsea,MA,02150
919,186 Spencer Ave,Chelsea,MA,02150
920,60 Dudley St,Chelsea,MA,02150
921,152 Spencer Ave,Chelsea,MA,02150
922,152 Spencer Ave,Chelsea,MA,02150
923,41 Webster Ave,Chelsea,MA,02150
924,41 Webster Ave,Chelsea,MA,02150
925,449 Crescent Ave,Chelsea,MA,02150
926,418 Crescent Ave,Chelsea,MA,02150
927,215 Spencer Ave,Chelsea,MA,02150
928,215 Spencer Ave,Chelsea,MA,02150
929,215 Spencer Ave,Chelsea,MA,02150
930,9 Vernon St,Chelsea,MA,02150
931,21 Louis St,Chelsea,MA,02150
932,21 Louis St,Chelsea,MA,02150
933,60 Dudley St,Chelsea,MA,02150
934,60 Dudley St,Chelsea,MA,02150
935,27 Carroll St,Chelsea,MA,02150
936,11 Hooper St,Chelsea,MA,02150
937,1 Clinton Ct,Chelsea,MA,02150
938,427 Crescent Ave,Chelsea,MA,02150
939,60 Dudley St,Chelsea,MA,02150
940,66 Clinton St,Chelsea,MA,02150
941,35 Hooper St,Chelsea,MA,02150
942,91 Clinton St,Chelsea,MA,02150
943,60 Dudley St,Chelsea,MA,02150
944,60 Dudley St,Chelsea,MA,02150
945,60 Dudley St,Chelsea,MA,02150
946,1 Webster Ave,Chelsea,MA,02150
947,1 Webster Ave,Chelsea,MA,02150
948,60 Dudley St,Chelsea,MA,02150
949,1 Mill Ct,Chelsea,MA,02150
950,81 Clinton St,Chelsea,MA,02150
951,9 Vernon St,Chelsea,MA,02150
952,368 Crescent Ave,Chelsea,MA,02150
953,29 Louis St,Chelsea,MA,02150
954,81 Clinton St,Chelsea,MA,02150
955,1 Clinton Ct,Chelsea,MA,02150
956,427 Crescent Ave,Chelsea,MA,02150
957,427 Crescent Ave,Chelsea,MA,02150
958,52 Washburn St,Chelsea,MA,02150
959,457 Eastern Ave,Chelsea,MA,02150
960,65 Carroll St,Chelsea,MA,02150
961,45 Carroll St,Chelsea,MA,02150
962,45 Carroll St,Chelsea,MA,02150
963,25 Hooper St,Chelsea,MA,02150
964,21 Louis St,Chelsea,MA,02150
965,21 Louis St,Chelsea,MA,02150
966,79 Clinton St,Chelsea,MA,02150
967,60 Dudley St,Chelsea,MA,02150
968,60 Dudley St,Chelsea,MA,02150
969,1 Webster Ave,Chelsea,MA,02150
970,92 Clinton St,Chelsea,MA,02150
971,92 Clinton St,Chelsea,MA,02150
972,423 Eastern Ave,Chelsea,MA,02150
973,60 Dudley St,Chelsea,MA,02150
974,60 Dudley St,Chelsea,MA,02150
975,215 Spencer Ave,Chelsea,MA,02150
976,60 Dudley St,Chelsea,MA,02150
977,60 Dudley St,Chelsea,MA,02150
978,42 Carroll St,Chelsea,MA,02150
979,66 Clinton St,Chelsea,MA,02150
980,6 Lisa Ln,Chelsea,MA,02150
981,6 Lisa Ln,Chelsea,MA,02150
982,6 Lisa Ln,Chelsea,MA,02150
983,1 Webster Ave,Chelsea,MA,02150
984,415 Crescent Ave,Chelsea,MA,02150
985,1 Webster Ave,Chelsea,MA,02150
986,1 Webster Ave,Chelsea,MA,02150
987,64 Hooper St,Chelsea,MA,02150
988,64 Hooper St,Chelsea,MA,02150
989,16 Gardner St,Chelsea,MA,02150
990,43 Bloomingdale St,Chelsea,MA,02150
991,53 Bloomingdale St,Chelsea,MA,02150
992,10 Forsyth St,Chelsea,MA,02150
993,6 Spencer Ave,Chelsea,MA,02150
994,82 Tudor St,Chelsea,MA,02150
995,86 Tudor St,Chelsea,MA,02150
996,86 Tudor St,Chelsea,MA,02150
997,86 Tudor St,Chelsea,MA,02150
998,6 Bloomingdale St,Chelsea,MA,02150
999,10 Lawrence St,Chelsea,MA,02150
1000,10 Lawrence St,Chelsea,MA,02150
1001,24 Gardner St,Chelsea,MA,02150
1002,9 Orange St,Chelsea,MA,02150
1003,25 Spencer Ave,Chelsea,MA,02150
1004,10 Forsyth St,Chelsea,MA,02150
1005,15 Gardner St,Chelsea,MA,02150
1006,10 Forsyth St,Chelsea,MA,02150
1007,10 Forsyth St,Chelsea,MA,02150
1008,23 Cary Ave,Chelsea,MA,02150
1009,10 Forsyth St,Chelsea,MA,02150
1010,8 Crescent Ave,Chelsea,MA,02150
1011,86 Tudor St,Chelsea,MA,02150
1012,24 Gardner St,Chelsea,MA,02150
1013,27 Gardner St,Chelsea,MA,02150
1014,10 Forsyth St,Chelsea,MA,02150
1015,32 Tudor St,Chelsea,MA,02150
1016,32 Tudor St,Chelsea,MA,02150
1017,202 Washington Ave,Chelsea,MA,02150
1018,39 Crescent Ave,Chelsea,MA,02150
1019,39 Crescent Ave,Chelsea,MA,02150
1020,39 Crescent Ave,Chelsea,MA,02150
1021,82 Tudor St,Chelsea,MA,02150
1022,86 Tudor St,Chelsea,MA,02150
1023,43 Bloomingdale St,Chelsea,MA,02150
1024,16 Tudor St,Chelsea,MA,02150
1025,189 Washington Ave,Chelsea,MA,02150
1026,11 George St,Chelsea,MA,02150
1027,33 Spencer Ave,Chelsea,MA,02150
1028,691 Broadway,Chelsea,MA,02150
1029,183 Washington Ave,Chelsea,MA,02150
1030,33 Spencer Ave,Chelsea,MA,02150
1031,10 Lawrence St,Chelsea,MA,02150
1032,43 Clark Ave,Chelsea,MA,02150
1033,10 Forsyth St,Chelsea,MA,02150
1034,10 Forsyth St,Chelsea,MA,02150
1035,680 Broadway,Chelsea,MA,02150
1036,10 Forsyth St,Chelsea,MA,02150
1037,27 Gardner St,Chelsea,MA,02150
1038,16 Tudor St,Chelsea,MA,02150
1039,745 Broadway,Chelsea,MA,02150
1040,23 Gardner St,Chelsea,MA,02150
1041,23 Cary Ave,Chelsea,MA,02150
1042,44 Cary Ave,Chelsea,MA,02150
1043,10 Forsyth St,Chelsea,MA,02150
1044,49 Clark Ave,Chelsea,MA,02150
1045,10 Forsyth St,Chelsea,MA,02150
1046,2 Silk St,Chelsea,MA,02150
1047,24 Clark Ave,Chelsea,MA,02150
1048,10 Forsyth St,Chelsea,MA,02150
1049,184 Washington Ave,Chelsea,MA,02150
1050,8 Spencer Ave,Chelsea,MA,02150
1051,136 Washington Ave,Chelsea,MA,02150
1052,24 Clark Ave,Chelsea,MA,02150
1053,10 Forsyth St,Chelsea,MA,02150
1054,12 Franklin Ave,Chelsea,MA,02150
1055,8 Bloomingdale St,Chelsea,MA,02150
1056,87 Parker St,Chelsea,MA,02150
1057,10 Forsyth St,Chelsea,MA,02150
1058,12 Gardner St,Chelsea,MA,02150
1059,10 Forsyth St,Chelsea,MA,02150
1060,185 Washington Ave,Chelsea,MA,02150
1061,185 Washington Ave,Chelsea,MA,02150
1062,77 Washington Ave,Chelsea,MA,02150
1063,61 Tudor St,Chelsea,MA,02150
1064,29 Tudor St,Chelsea,MA,02150
1065,175 Washington Ave,Chelsea,MA,02150
1066,27 Gardner St,Chelsea,MA,02150
1067,26 Tudor St,Chelsea,MA,02150
1068,16 Tudor St,Chelsea,MA,02150
1069,184 Washington Ave,Chelsea,MA,02150
1070,7 Bloomingdale St,Chelsea,MA,02150
1071,7 Bloomingdale St,Chelsea,MA,02150
1072,7 Bloomingdale St,Chelsea,MA,02150
1073,727 Broadway,Chelsea,MA,02150
1074,68 Cary Ave,Chelsea,MA,02150
1075,39 Cary Ave,Chelsea,MA,02150
1076,29 Cary Ave,Chelsea,MA,02150
1077,2 Silk St,Chelsea,MA,02150
1078,90 Washington Ave,Chelsea,MA,02150
1079,87 Addison St,Chelsea,MA,02150
1080,14 Bloomingdale St,Chelsea,MA,02150
1081,4 Eden St,Chelsea,MA,02150
1082,14 Bloomingdale St,Chelsea,MA,02150
1083,14 Bloomingdale St,Chelsea,MA,02150
1084,14 Bloomingdale St,Chelsea,MA,02150
1085,14 Bloomingdale St,Chelsea,MA,02150
1086,66 Addison St,Chelsea,MA,02150
1087,66 Addison St,Chelsea,MA,02150
1088,261 Maple St,Chelsea,MA,02150
1089,78 Addison St,Chelsea,MA,02150
1090,212 Washington Ave,Chelsea,MA,02150
1091,14 Bloomingdale St,Chelsea,MA,02150
1092,14 Bloomingdale St,Chelsea,MA,02150
1093,14 Bloomingdale St,Chelsea,MA,02150
1094,14 Bloomingdale St,Chelsea,MA,02150
1095,34 Addison St,Chelsea,MA,02150
1096,34 Addison St,Chelsea,MA,02150
1097,315 Spruce St,Chelsea,MA,02150
1098,14 Bloomingdale St,Chelsea,MA,02150
1099,76 Orange St,Chelsea,MA,02150
1100,9 Eden St,Chelsea,MA,02150
1101,242 Washington Ave,Chelsea,MA,02150
1102,242 Washington Ave,Chelsea,MA,02150
1103,218 Washington Ave,Chelsea,MA,02150
1104,9 Eden St,Chelsea,MA,02150
1105,64 Orange St,Chelsea,MA,02150
1106,14 Bloomingdale St,Chelsea,MA,02150
1107,11 Heard St,Chelsea,MA,02150
1108,87 Bloomingdale St,Chelsea,MA,02150
1109,14 Bloomingdale St,Chelsea,MA,02150
1110,14 Bloomingdale St,Chelsea,MA,02150
1111,14 Bloomingdale St,Chelsea,MA,02150
1112,14 Bloomingdale St,Chelsea,MA,02150
1113,14 Bloomingdale St,Chelsea,MA,02150
1114,91 Blossom St,Chelsea,MA,02150
1115,89 Blossom St,Chelsea,MA,02150
1116,89 Blossom St,Chelsea,MA,02150
1117,77 Bloomingdale St,Chelsea,MA,02150
1118,210 Washington Ave,Chelsea,MA,02150
1119,14 Bloomingdale St,Chelsea,MA,02150
1120,102 Addison St,Chelsea,MA,02150
1121,102 Addison St,Chelsea,MA,02150
1122,14 Bloomingdale St,Chelsea,MA,02150
1123,47 Orange St,Chelsea,MA,02150
1124,14 Bloomingdale St,Chelsea,MA,02150
1125,14 Bloomingdale St,Chelsea,MA,02150
1126,44 Orange St,Chelsea,MA,02150
1127,87 Addison St,Chelsea,MA,02150
1128,26 Blossom St,Chelsea,MA,02150
1129,8 Eden St,Chelsea,MA,02150
1130,9 Addison St,Chelsea,MA,02150
1131,269 Maple St,Chelsea,MA,02150
1132,52 Addison St,Chelsea,MA,02150
1133,52 Addison St,Chelsea,MA,02150
1134,218 Washington Ave,Chelsea,MA,02150
1135,14 Addison St,Chelsea,MA,02150
1136,39 Orange St,Chelsea,MA,02150
1137,75 Bloomingdale St,Chelsea,MA,02150
1138,75 Bloomingdale St,Chelsea,MA,02150
1139,208 Washington Ave,Chelsea,MA,02150
1140,66 Addison St,Chelsea,MA,02150
1141,90 Washington Ave,Chelsea,MA,02150
1142,90 Washington Ave,Chelsea,MA,02150
1143,90 Washington Ave,Chelsea,MA,02150
1144,90 Washington Ave,Chelsea,MA,02150
1145,14 Bloomingdale St,Chelsea,MA,02150
1146,14 Bloomingdale St,Chelsea,MA,02150
1147,14 Bloomingdale St,Chelsea,MA,02150
1148,14 Bloomingdale St,Chelsea,MA,02150
1149,36 Eden St,Chelsea,MA,02150
1150,14 Bloomingdale St,Chelsea,MA,02150
1151,32 Eden St,Chelsea,MA,02150
1152,32 Eden St,Chelsea,MA,02150
1153,317 Spruce St,Chelsea,MA,02150
1154,32 Orange St,Chelsea,MA,02150
1155,14 Bloomingdale St,Chelsea,MA,02150
1156,78 Washington Ave,Chelsea,MA,02150
1157,14 Bloomingdale St,Chelsea,MA,02150
1158,64 Orange St,Chelsea,MA,02150
1159,14 Bloomingdale St,Chelsea,MA,02150
1160,14 Bloomingdale St,Chelsea,MA,02150
1161,14 Bloomingdale St,Chelsea,MA,02150
1162,14 Bloomingdale St,Chelsea,MA,02150
1163,14 Bloomingdale St,Chelsea,MA,02150
1164,14 Bloomingdale St,Chelsea,MA,02150
1165,14 Bloomingdale St,Chelsea,MA,02150
1166,75 Bloomingdale St,Chelsea,MA,02150
1167,32 Orange St,Chelsea,MA,02150
1168,32 Orange St,Chelsea,MA,02150
1169,53 Heard St,Chelsea,MA,02150
1170,38 Addison St,Chelsea,MA,02150
1171,38 Addison St,Chelsea,MA,02150
1172,36 Eden St,Chelsea,MA,02150
1173,318 Spruce St,Chelsea,MA,02150
1174,78 Addison St,Chelsea,MA,02150
1175,75 Orange St,Chelsea,MA,02150
1176,75 Orange St,Chelsea,MA,02150
1177,75 Orange St,Chelsea,MA,02150
1178,47 Orange St,Chelsea,MA,02150
1179,47 Orange St,Chelsea,MA,02150
1180,4 Webster Ct,Chelsea,MA,02150
1181,960 Broadway,Chelsea,MA,02150
1182,960 Broadway,Chelsea,MA,02150
1183,260 Clark Ave,Chelsea,MA,02150
1184,260 Clark Ave,Chelsea,MA,02150
1185,100 Stockton St,Chelsea,MA,02150
1186,242 Spencer Ave,Chelsea,MA,02150
1187,46 Gillooly Rd,Chelsea,MA,02150
1188,46 Gillooly Rd,Chelsea,MA,02150
1189,220 Spencer Ave,Chelsea,MA,02150
1190,187 Webster Ave,Chelsea,MA,02150
1191,260 Clark Ave,Chelsea,MA,02150
1192,220 Spencer Ave,Chelsea,MA,02150
1193,67 Gillooly Rd,Chelsea,MA,02150
1194,204 Spencer Ave,Chelsea,MA,02150
1195,944 Broadway,Chelsea,MA,02150
1196,100 Stockton St,Chelsea,MA,02150
1197,100 Stockton St,Chelsea,MA,02150
1198,220 Spencer Ave,Chelsea,MA,02150
1199,254 Spencer Ave,Chelsea,MA,02150
1200,4 Parkway Ct,Chelsea,MA,02150
1201,100 Stockton St,Chelsea,MA,02150
1202,100 Stockton St,Chelsea,MA,02150
1203,220 Spencer Ave,Chelsea,MA,02150
1204,260 Clark Ave,Chelsea,MA,02150
1205,260 Clark Ave,Chelsea,MA,02150
1206,960 Broadway,Chelsea,MA,02150
1207,100 Stockton St,Chelsea,MA,02150
1208,960 Broadway,Chelsea,MA,02150
1209,260 Clark Ave,Chelsea,MA,02150
1210,89 Webster Ave,Chelsea,MA,02150
1211,89 Webster Ave,Chelsea,MA,02150
1212,260 Clark Ave,Chelsea,MA,02150
1213,18 Summit Ave,Chelsea,MA,02150
1214,943 Broadway,Chelsea,MA,02150
1215,948 Broadway,Chelsea,MA,02150
1216,100 Stockton St,Chelsea,MA,02150
1217,260 Clark Ave,Chelsea,MA,02150
1218,4 Parkway Ct,Chelsea,MA,02150
1219,4 Parkway Ct,Chelsea,MA,02150
1220,151 Clark Ave,Chelsea,MA,02150
1221,960 Broadway,Chelsea,MA,02150
1222,932 Broadway,Chelsea,MA,02150
1223,260 Clark Ave,Chelsea,MA,02150
1224,18 Summit Ave,Chelsea,MA,02150
1225,100 Stockton St,Chelsea,MA,02150
1226,100 Stockton St,Chelsea,MA,02150
1227,100 Stockton St,Chelsea,MA,02150
1228,100 Stockton St,Chelsea,MA,02150
1229,260 Clark Ave,Chelsea,MA,02150
1230,260 Clark Ave,Chelsea,MA,02150
1231,1016 Revere Beach Pkwy,Chelsea,MA,02150
1232,1016 Revere Beach Pkwy,Chelsea,MA,02150
1233,950 Broadway,Chelsea,MA,02150
1234,950 Broadway,Chelsea,MA,02150
1235,147 Clark Ave,Chelsea,MA,02150
1236,100 Stockton St,Chelsea,MA,02150
1237,100 Stockton St,Chelsea,MA,02150
1238,100 Stockton St,Chelsea,MA,02150
1239,948 Broadway,Chelsea,MA,02150
1240,948 Broadway,Chelsea,MA,02150
1241,220 Spencer Ave,Chelsea,MA,02150
1242,100 Stockton St,Chelsea,MA,02150
1243,12 Summit Ave,Chelsea,MA,02150
1244,147 Clark Ave,Chelsea,MA,02150
1245,223 Webster Ave,Chelsea,MA,02150
1246,223 Webster Ave,Chelsea,MA,02150
1247,950 Broadway,Chelsea,MA,02150
1248,100 Stockton St,Chelsea,MA,02150
1249,921 Broadway,Chelsea,MA,02150
1250,260 Clark Ave,Chelsea,MA,02150
1251,948 Broadway,Chelsea,MA,02150
1252,1016 Revere Beach Pkwy,Chelsea,MA,02150
1253,260 Clark Ave,Chelsea,MA,02150
1254,14 Summit Ave,Chelsea,MA,02150
1255,14 Summit Ave,Chelsea,MA,02150
1256,230 Clark Ave,Chelsea,MA,02150
1257,25 Gillooly Rd,Chelsea,MA,02150
1258,932 Broadway,Chelsea,MA,02150
1259,100 Stockton St,Chelsea,MA,02150
1260,950 Broadway,Chelsea,MA,02150
1261,148 Clark Ave,Chelsea,MA,02150
1262,260 Clark Ave,Chelsea,MA,02150
1263,195 Webster Ave,Chelsea,MA,02150
1264,960 Broadway,Chelsea,MA,02150
1265,260 Clark Ave,Chelsea,MA,02150
1266,960 Broadway,Chelsea,MA,02150
1267,960 Broadway,Chelsea,MA,02150
1268,100 Stockton St,Chelsea,MA,02150
1269,208 Spencer Ave,Chelsea,MA,02150
1270,22 Gillooly Rd,Chelsea,MA,02150
1271,22 Gillooly Rd,Chelsea,MA,02150
1272,22 Gillooly Rd,Chelsea,MA,02150
1273,950 Broadway,Chelsea,MA,02150
1274,196 Clark Ave,Chelsea,MA,02150
1275,260 Clark Ave,Chelsea,MA,02150
1276,260 Clark Ave,Chelsea,MA,02150
1277,220 Spencer Ave,Chelsea,MA,02150
1278,220 Spencer Ave,Chelsea,MA,02150
1279,204 Spencer Ave,Chelsea,MA,02150
1280,79 Gillooly Rd,Chelsea,MA,02150
1281,100 Stockton St,Chelsea,MA,02150
1282,79 Gillooly Rd,Chelsea,MA,02150
1283,260 Clark Ave,Chelsea,MA,02150
1284,260 Clark Ave,Chelsea,MA,02150
1285,932 Broadway,Chelsea,MA,02150
1286,960 Broadway,Chelsea,MA,02150
1287,100 Stockton St,Chelsea,MA,02150
1288,1016 Revere Beach Pkwy,Chelsea,MA,02150
1289,242 Spencer Ave,Chelsea,MA,02150
1290,100 Stockton St,Chelsea,MA,02150
1291,950 Broadway,Chelsea,MA,02150
1292,260 Clark Ave,Chelsea,MA,02150
1293,960 Broadway,Chelsea,MA,02150
1294,100 Stockton St,Chelsea,MA,02150
1295,100 Stockton St,Chelsea,MA,02150
1296,191 Webster Ave,Chelsea,MA,02150
1297,2 Parkway Ct,Chelsea,MA,02150
1298,102 Webster Ave,Chelsea,MA,02150
1299,102 Webster Ave,Chelsea,MA,02150
1300,102 Webster Ave,Chelsea,MA,02150
1301,100 Stockton St,Chelsea,MA,02150
1302,100 Stockton St,Chelsea,MA,02150
1303,242 Spencer Ave,Chelsea,MA,02150
1304,254 Spencer Ave,Chelsea,MA,02150
1305,220 Spencer Ave,Chelsea,MA,02150
1306,260 Clark Ave,Chelsea,MA,02150
1307,5 Webster Ct,Chelsea,MA,02150
1308,21 Cook Ave,Chelsea,MA,02150
1309,74 Springvale Ave,Chelsea,MA,02150
1310,40 Jones Ave,Chelsea,MA,02150
1311,12 Saipan Rd,Chelsea,MA,02150
1312,6 Burma Rd,Chelsea,MA,02150
1313,6 Burma Rd,Chelsea,MA,02150
1314,93 Burma Rd,Chelsea,MA,02150
1315,71 Woodlawn Ave,Chelsea,MA,02150
1316,71 Woodlawn Ave,Chelsea,MA,02150
1317,150 Sagamore Ave,Chelsea,MA,02150
1318,32 Columbus St,Chelsea,MA,02150
1319,32 Columbus St,Chelsea,MA,02150
1320,7 Bell St,Chelsea,MA,02150
1321,83 Garfield Ave,Chelsea,MA,02150
1322,83 Garfield Ave,Chelsea,MA,02150
1323,20 Hy-Sil Ave,Chelsea,MA,02150
1324,602 Washington Ave,Chelsea,MA,02150
1325,10 Springvale Ave,Chelsea,MA,02150
1326,10 Springvale Ave,Chelsea,MA,02150
1327,600 Washington Ave,Chelsea,MA,02150
1328,600 Washington Ave,Chelsea,MA,02150
1329,74 Springvale Ave,Chelsea,MA,02150
1330,118 Garfield Ave,Chelsea,MA,02150
1331,18 Englewood Ave,Chelsea,MA,02150
1332,18 Englewood Ave,Chelsea,MA,02150
1333,18 Englewood Ave,Chelsea,MA,02150
1334,57 Madison Ave,Chelsea,MA,02150
1335,13 Bell St,Chelsea,MA,02150
1336,13 Bell St,Chelsea,MA,02150
1337,54 Englewood Ave,Chelsea,MA,02150
1338,36 Winthrop Rd,Chelsea,MA,02150
1339,65 Exeter St,Chelsea,MA,02150
1340,35 Woodlawn Ave,Chelsea,MA,02150
1341,29 Madison Ave,Chelsea,MA,02150
1342,45 Jones Ave,Chelsea,MA,02150
1343,36 Columbus St,Chelsea,MA,02150
1344,36 Columbus St,Chelsea,MA,02150
1345,59 Burma Rd,Chelsea,MA,02150
1346,59 Burma Rd,Chelsea,MA,02150
1347,65 Exeter St,Chelsea,MA,02150
1348,21 Prospect Ave,Chelsea,MA,02150
1349,21 Madison Ave,Chelsea,MA,02150
1350,3 Prospect Ave,Chelsea,MA,02150
1351,36 Lambert Ave,Chelsea,MA,02150
1352,12 Saipan Rd,Chelsea,MA,02150
1353,168 Garfield Ave,Chelsea,MA,02150
1354,168 Garfield Ave,Chelsea,MA,02150
1355,58 Garfield Ave,Chelsea,MA,02150
1356,43 Columbus St,Chelsea,MA,02150
1357,40 Jones Ave,Chelsea,MA,02150
1358,7 Bell St,Chelsea,MA,02150
1359,33 Guam Rd,Chelsea,MA,02150
1360,505 Washington Ave,Chelsea,MA,02150
1361,16 Normandy Rd,Chelsea,MA,02150
1362,93 Burma Rd,Chelsea,MA,02150
1363,45 Jones Ave,Chelsea,MA,02150
1364,117 Garfield Ave,Chelsea,MA,02150
1365,586 Washington Ave,Chelsea,MA,02150
1366,74 Springvale Ave,Chelsea,MA,02150
1367,55 Woodlawn Ave,Chelsea,MA,02150
1368,55 Woodlawn Ave,Chelsea,MA,02150
1369,55 Woodlawn Ave,Chelsea,MA,02150
1370,55 Woodlawn Ave,Chelsea,MA,02150
1371,505 Washington Ave,Chelsea,MA,02150
1372,43 Columbus St,Chelsea,MA,02150
1373,74 Springvale Ave,Chelsea,MA,02150
1374,45 Jones Ave,Chelsea,MA,02150
1375,40 Jones Ave,Chelsea,MA,02150
1376,40 Jones Ave,Chelsea,MA,02150
1377,147 Garfield Ave,Chelsea,MA,02150
1378,42 Englewood Ave,Chelsea,MA,02150
1379,40 Jones Ave,Chelsea,MA,02150
1380,17 Jones Ave,Chelsea,MA,02150
1381,6 Burma Rd,Chelsea,MA,02150
1382,76 Winthrop Rd,Chelsea,MA,02150
1383,117 Garfield Ave,Chelsea,MA,02150
1384,117 Garfield Ave,Chelsea,MA,02150
1385,3 Prospect Ave,Chelsea,MA,02150
1386,61 Exeter St,Chelsea,MA,02150
1387,39 Cook Ave,Chelsea,MA,02150
1388,573 Washington Ave,Chelsea,MA,02150
1389,573 Washington Ave,Chelsea,MA,02150
1390,78 Garfield Ave,Chelsea,MA,02150
1391,78 Garfield Ave,Chelsea,MA,02150
1392,78 Garfield Ave,Chelsea,MA,02150
1393,78 Garfield Ave,Chelsea,MA,02150
1394,93 Burma Rd,Chelsea,MA,02150
1395,50 Exeter St,Chelsea,MA,02150
1396,3 Madison Ave,Chelsea,MA,02150
1397,3 Madison Ave,Chelsea,MA,02150
1398,3 Madison Ave,Chelsea,MA,02150
1399,28 Columbus St,Chelsea,MA,02150
1400,26 Englewood Ave,Chelsea,MA,02150
1401,45 Jones Ave,Chelsea,MA,02150
1402,48 Exeter St,Chelsea,MA,02150
1403,28 Winthrop Rd,Chelsea,MA,02150
1404,65 Woodlawn Ave,Chelsea,MA,02150
1405,79 Garfield Ave,Chelsea,MA,02150
1406,45 Jones Ave,Chelsea,MA,02150
1407,48 Exeter St,Chelsea,MA,02150
1408,45 Jones Ave,Chelsea,MA,02150
1409,69 Madison Ave,Chelsea,MA,02150
1410,120 Sagamore Ave,Chelsea,MA,02150
1411,33 Guam Rd,Chelsea,MA,02150
1412,2 Adams St,Chelsea,MA,02150
1413,85 Winthrop Rd,Chelsea,MA,02150
1414,61 Madison Ave,Chelsea,MA,02150
1415,36 Lambert Ave,Chelsea,MA,02150
1416,40 Jones Ave,Chelsea,MA,02150
1417,510 Washington Ave,Chelsea,MA,02150
1418,510 Washington Ave,Chelsea,MA,02150
1419,510 Washington Ave,Chelsea,MA,02150
1420,10 Columbus St,Chelsea,MA,02150
1421,4 Staffiery Rd,Chelsea,MA,02150
1422,378 Revere Beach Pkwy,Chelsea,MA,02150
1423,378 Revere Beach Pkwy,Chelsea,MA,02150
1424,378 Revere Beach Pkwy,Chelsea,MA,02150
1425,61 Exeter St,Chelsea,MA,02150
1426,45 Jones Ave,Chelsea,MA,02150
1427,59 Burma Rd,Chelsea,MA,02150
1428,156 Garfield Ave,Chelsea,MA,02150
1429,57 Burma Rd,Chelsea,MA,02150
1430,2 Adams St,Chelsea,MA,02150
1431,74 Springvale Ave,Chelsea,MA,02150
1432,33 Franklin St,Chelsea,MA,02150
1433,494 Washington Ave,Chelsea,MA,02150
1434,2 Murray St,Chelsea,MA,02150
1435,103 Cook Ave,Chelsea,MA,02150
1436,441 Washington Ave,Chelsea,MA,02150
1437,11 Murray St,Chelsea,MA,02150
1438,11 Murray St,Chelsea,MA,02150
1439,2 Franklin St,Chelsea,MA,02150
1440,31 Kimball Rd,Chelsea,MA,02150
1441,17 Fremont Ave,Chelsea,MA,02150
1442,252 Revere Beach Pkwy,Chelsea,MA,02150
1443,45 Garland St,Chelsea,MA,02150
1444,91 Garland St,Chelsea,MA,02150
1445,60 Nichols St,Chelsea,MA,02150
1446,50 Hancock St,Chelsea,MA,02150
1447,20 Ingleside Ave,Chelsea,MA,02150
1448,63 Reynolds Ave,Chelsea,MA,02150
1449,252 Revere Beach Pkwy,Chelsea,MA,02150
1450,7 Laurel St,Chelsea,MA,02150
1451,21 Garland St,Chelsea,MA,02150
1452,55 Garland St,Chelsea,MA,02150
1453,55 Garland St,Chelsea,MA,02150
1454,455 Washington Ave,Chelsea,MA,02150
1455,22 Garland St,Chelsea,MA,02150
1456,375 Washington Ave,Chelsea,MA,02150
1457,72 Sagamore Ave,Chelsea,MA,02150
1458,24 Hancock St,Chelsea,MA,02150
1459,64 Garland St,Chelsea,MA,02150
1460,410 Washington Ave,Chelsea,MA,02150
1461,77 Fremont Ave,Chelsea,MA,02150
1462,441 Washington Ave,Chelsea,MA,02150
1463,58 Nichols St,Chelsea,MA,02150
1464,76 Harvard St,Chelsea,MA,02150
1465,50 Kimball Rd,Chelsea,MA,02150
1466,50 Kimball Rd,Chelsea,MA,02150
1467,65 Garland St,Chelsea,MA,02150
1468,65 Garland St,Chelsea,MA,02150
1469,25 Lash St,Chelsea,MA,02150
1470,35 Franklin St,Chelsea,MA,02150
1471,15 Garland St,Chelsea,MA,02150
1472,15 Ingleside Ave,Chelsea,MA,02150
1473,115 Sagamore Ave,Chelsea,MA,02150
1474,115 Sagamore Ave,Chelsea,MA,02150
1475,41 Harvard St,Chelsea,MA,02150
1476,2 Murray St,Chelsea,MA,02150
1477,2 Murray St,Chelsea,MA,02150
1478,216 Revere Beach Pkwy,Chelsea,MA,02150
1479,4 Cheever St,Chelsea,MA,02150
1480,4 Cheever St,Chelsea,MA,02150
1481,4 Cheever St,Chelsea,MA,02150
1482,4 Cheever St,Chelsea,MA,02150
1483,4 Cheever St,Chelsea,MA,02150
1484,4 Cheever St,Chelsea,MA,02150
1485,63 Reynolds Ave,Chelsea,MA,02150
1486,11 Grandview Rd,Chelsea,MA,02150
1487,11 Grandview Rd,Chelsea,MA,02150
1488,21 Garland St,Chelsea,MA,02150
1489,441 Washington Ave,Chelsea,MA,02150
1490,45 Garland St,Chelsea,MA,02150
1491,29 Fremont Ave,Chelsea,MA,02150
1492,51 Garland St,Chelsea,MA,02150
1493,51 Garland St,Chelsea,MA,02150
1494,20 Hancock St,Chelsea,MA,02150
1495,56 Cook Ave,Chelsea,MA,02150
1496,10 Murray St,Chelsea,MA,02150
1497,20 Grandview Rd,Chelsea,MA,02150
1498,20 Ingleside Ave,Chelsea,MA,02150
1499,92 Sagamore Ave,Chelsea,MA,02150
1500,34 Brook St,Chelsea,MA,02150
1501,143 Springvale Ave,Chelsea,MA,02150
1502,66 Union St,Chelsea,MA,02150
1503,111 Cook Ave,Chelsea,MA,02150
1504,76 Harvard St,Chelsea,MA,02150
1505,6 Franklin St,Chelsea,MA,02150
1506,410 Washington Ave,Chelsea,MA,02150
1507,71 Sagamore Ave,Chelsea,MA,02150
1508,42 Nichols St,Chelsea,MA,02150
1509,79 Garland St,Chelsea,MA,02150
1510,79 Garland St,Chelsea,MA,02150
1511,63 Reynolds Ave,Chelsea,MA,02150
1512,68 Fremont Ave,Chelsea,MA,02150
1513,68 Fremont Ave,Chelsea,MA,02150
1514,68 Fremont Ave,Chelsea,MA,02150
1515,68 Fremont Ave,Chelsea,MA,02150
1516,60 Franklin St,Chelsea,MA,02150
1517,20 Hancock St,Chelsea,MA,02150
1518,50 Hancock St,Chelsea,MA,02150
1519,50 Hancock St,Chelsea,MA,02150
1520,38 Brook St,Chelsea,MA,02150
1521,407 Washington Ave,Chelsea,MA,02150
1522,391 Washington Ave,Chelsea,MA,02150
1523,72 Harvard St,Chelsea,MA,02150
1524,2 Murray St,Chelsea,MA,02150
1525,58 Fremont Ave,Chelsea,MA,02150
1526,69 Union St,Chelsea,MA,02150
1527,10 Lawndale Ave,Chelsea,MA,02150
1528,10 Lawndale Ave,Chelsea,MA,02150
1529,5 Nichols St,Chelsea,MA,02150
1530,5 Nichols St,Chelsea,MA,02150
1531,410 Washington Ave,Chelsea,MA,02150
1532,14 Murray St,Chelsea,MA,02150
1533,14 Murray St,Chelsea,MA,02150
1534,103 Cook Ave,Chelsea,MA,02150
1535,6 Murray St,Chelsea,MA,02150
1536,6 Franklin St,Chelsea,MA,02150
1537,6 Franklin St,Chelsea,MA,02150
1538,41 Harvard St,Chelsea,MA,02150
1539,54 Nichols St,Chelsea,MA,02150
1540,7 Nichols St,Chelsea,MA,02150
1541,7 Nichols St,Chelsea,MA,02150
1542,8 Garland St,Chelsea,MA,02150
1543,8 Garland St,Chelsea,MA,02150
1544,83 Warren Ave,Chelsea,MA,02150
1545,51 Summit Ave,Chelsea,MA,02150
1546,115 Summit Ave,Chelsea,MA,02150
1547,115 Summit Ave,Chelsea,MA,02150
1548,44 Lafayette Ave,Chelsea,MA,02150
1549,166 Webster Ave,Chelsea,MA,02150
1550,166 Webster Ave,Chelsea,MA,02150
1551,38 County Rd,Chelsea,MA,02150
1552,147 Franklin Ave,Chelsea,MA,02150
1553,27 Prescott Ave,Chelsea,MA,02150
1554,113 Summit Ave,Chelsea,MA,02150
1555,123 Franklin Ave,Chelsea,MA,02150
1556,27 Prescott Ave,Chelsea,MA,02150
1557,57 Prescott Ave,Chelsea,MA,02150
1558,44 Lafayette Ave,Chelsea,MA,02150
1559,311 Washington Ave,Chelsea,MA,02150
1560,17 Lafayette Ave,Chelsea,MA,02150
1561,327 Washington Ave,Chelsea,MA,02150
1562,271 Washington Ave,Chelsea,MA,02150
1563,73 Warren Ave,Chelsea,MA,02150
1564,73 Warren Ave,Chelsea,MA,02150
1565,27 Prescott Ave,Chelsea,MA,02150
1566,100 Summit Ave,Chelsea,MA,02150
1567,40 County Rd,Chelsea,MA,02150
1568,147 Franklin Ave,Chelsea,MA,02150
1569,73 Prescott Ave,Chelsea,MA,02150
1570,73 Prescott Ave,Chelsea,MA,02150
1571,44 Lafayette Ave,Chelsea,MA,02150
1572,73 Prescott Ave,Chelsea,MA,02150
1573,55 Prescott Ave,Chelsea,MA,02150
1574,47 Jefferson Ave,Chelsea,MA,02150
1575,100 Summit Ave,Chelsea,MA,02150
1576,231 Washington Ave,Chelsea,MA,02150
1577,174 Franklin Ave,Chelsea,MA,02150
1578,70 Warren Ave,Chelsea,MA,02150
1579,4 Reynolds Ave,Chelsea,MA,02150
1580,20 Reynolds Ave,Chelsea,MA,02150
1581,70 Warren Ave,Chelsea,MA,02150
1582,2 Prescott Ave,Chelsea,MA,02150
1583,2 Prescott Ave,Chelsea,MA,02150
1584,25 Revere Beach Pkwy,Chelsea,MA,02150
1585,25 Revere Beach Pkwy,Chelsea,MA,02150
1586,11 Franklin Ave,Chelsea,MA,02150
1587,3 County Rd,Chelsea,MA,02150
1588,29 Summit Ave,Chelsea,MA,02150
1589,42 Revere Beach Pkwy,Chelsea,MA,02150
1590,230 Webster Ave,Chelsea,MA,02150
1591,25 Jefferson Ave,Chelsea,MA,02150
1592,7 Prescott Ave,Chelsea,MA,02150
1593,35 Jefferson Ave,Chelsea,MA,02150
1594,35 Jefferson Ave,Chelsea,MA,02150
1595,35 Jefferson Ave,Chelsea,MA,02150
1596,61 Summit Ave,Chelsea,MA,02150
1597,331 Washington Ave,Chelsea,MA,02150
1598,43 County Rd,Chelsea,MA,02150
1599,160 Webster Ave,Chelsea,MA,02150
1600,160 Webster Ave,Chelsea,MA,02150
1601,160 Webster Ave,Chelsea,MA,02150
1602,224 Webster Ave,Chelsea,MA,02150
1603,224 Webster Ave,Chelsea,MA,02150
1604,20 Reynolds Ave,Chelsea,MA,02150
1605,224 Webster Ave,Chelsea,MA,02150
1606,224 Webster Ave,Chelsea,MA,02150
1607,30 Warren Ave,Chelsea,MA,02150
1608,100 Summit Ave,Chelsea,MA,02150
1609,78 Prescott Ave,Chelsea,MA,02150
1610,78 Prescott Ave,Chelsea,MA,02150
1611,78 Prescott Ave,Chelsea,MA,02150
1612,78 Prescott Ave,Chelsea,MA,02150
1613,331 Washington Ave,Chelsea,MA,02150
1614,100 Summit Ave,Chelsea,MA,02150
1615,12 Warren Ave,Chelsea,MA,02150
1616,166 Webster Ave,Chelsea,MA,02150
1617,27 County Rd,Chelsea,MA,02150
1618,70 Warren Ave,Chelsea,MA,02150
1619,70 Warren Ave,Chelsea,MA,02150
1620,100 Summit Ave,Chelsea,MA,02150
1621,87 Warren Ave,Chelsea,MA,02150
1622,87 Warren Ave,Chelsea,MA,02150
1623,199 Orange St,Chelsea,MA,02150
1624,197 Orange St,Chelsea,MA,02150
1625,201 Orange St,Chelsea,MA,02150
1626,39 Prescott Ave,Chelsea,MA,02150
1627,2 Prescott Ave,Chelsea,MA,02150
1628,2 Prescott Ave,Chelsea,MA,02150
1629,162 Franklin Ave,Chelsea,MA,02150
1630,65 Revere Beach Pkwy,Chelsea,MA,02150
1631,267 Washington Ave,Chelsea,MA,02150
1632,41 Jefferson Ave,Chelsea,MA,02150
1633,70 Warren Ave,Chelsea,MA,02150
1634,7 Prescott Ave,Chelsea,MA,02150
1635,40 County Rd,Chelsea,MA,02150
1636,205 Orange St,Chelsea,MA,02150
1637,205 Orange St,Chelsea,MA,02150
1638,29 Summit Ave,Chelsea,MA,02150
1639,162 Franklin Ave,Chelsea,MA,02150
1640,267 Washington Ave,Chelsea,MA,02150
1641,267 Washington Ave,Chelsea,MA,02150
1642,201 Orange St,Chelsea,MA,02150
1643,56 Franklin Ave,Chelsea,MA,02150
1644,56 Franklin Ave,Chelsea,MA,02150
1645,161 Summit Ave,Chelsea,MA,02150
1646,137 Prescott Ave,Chelsea,MA,02150
1647,39 Warren Ave,Chelsea,MA,02150
1648,25 Jefferson Ave,Chelsea,MA,02150
1649,44 County Rd,Chelsea,MA,02150
1650,44 County Rd,Chelsea,MA,02150
1651,51 Summit Ave,Chelsea,MA,02150
1652,78 Franklin Ave,Chelsea,MA,02150
1653,70 Warren Ave,Chelsea,MA,02150
1654,70 Warren Ave,Chelsea,MA,02150
1655,36 Prescott Ave,Chelsea,MA,02150
1656,146 Franklin Ave,Chelsea,MA,02150
1657,17 Lafayette Ave,Chelsea,MA,02150
1658,215 Washington Ave,Chelsea,MA,02150
1659,56 Franklin Ave,Chelsea,MA,02150
1660,331 Washington Ave,Chelsea,MA,02150
1661,53 Warren Ave,Chelsea,MA,02150
1662,137 Prescott Ave,Chelsea,MA,02150
1663,53 Warren Ave,Chelsea,MA,02150
